Date,Open,High,Low,Close,Volume,SMA_20,SMA_50,EMA_20,EMA_50,BB_Middle,BB_Upper,BB_Lower,RSI_14,MACD,MACD_Signal,MACD_Hist
2025-07-21,211.2618775331451,214.92732845073886,210.7937335563828,211.64036560058594,51377400,211.64036560058594,211.64036560058594,211.64036560058594,211.64036560058594,211.64036560058594,211.64036560058594,211.64036560058594,,0.0,0.0,0.0
2025-07-22,212.29776458434165,214.1006098348481,211.39135685335447,213.5527801513672,46404100,212.59657287597656,212.59657287597656,211.82250031970796,211.7153622496362,212.59657287597656,215.30113547057107,209.89201028138206,,0.15255728610222263,0.03051145722044453,0.1220458288817781
2025-07-23,214.15041924441525,214.29982043425818,211.57065737650467,213.30377197265625,46989300,212.83230590820312,212.83230590820312,211.96357381046494,211.77765282700955,212.83230590820312,214.91176982080958,210.75284199559667,,0.25047978048911546,0.07450512187417872,0.17597465861493672
2025-07-24,213.05475989741393,214.83769515517375,212.68622683006964,212.91531372070312,46022600,212.85305786132812,212.85305786132812,212.0542157066781,211.82226697970344,212.85305786132812,214.5529609191987,211.15315480345754,,0.2933570904029068,0.11827551557992434,0.17508157482298248
2025-07-25,213.85161823157193,214.38949295365802,212.55675209148805,213.0348663330078,40268800,212.88941955566406,212.88941955566406,212.14761100442377,211.86981989551933,212.88941955566406,214.37053273868483,211.4083063726433,,0.33314428416136366,0.16124926929621222,0.17189501486515144
2025-07-28,213.18423737412155,214.00100435562788,212.21806921233596,213.20416259765625,37858000,212.94187672932944,212.94187672932944,212.248234965684,211.92214706030902,212.94187672932944,214.29132073720427,211.5924327214546,,0.37402518603340695,0.20380445264365116,0.1702207333897558
2025-07-29,213.33365491441555,213.96117031669576,209.9869466315705,210.43516540527344,51411700,212.58377511160714,212.58377511160714,212.07556167421632,211.8638340542292,212.58377511160714,214.84389209896716,210.32365812424712,,0.18090332245495233,0.1992242266059114,-0.018320904150959078
2025-07-30,211.06265157316113,211.55072076453234,206.89917652304968,208.2239227294922,45512500,212.03879356384277,212.03879356384277,211.70873891757591,211.72109243365128,212.03879356384277,215.76472331468995,208.3128638129956,,-0.14885998437060266,0.1296073844106086,-0.27846736878121126
2025-07-31,207.6661338109758,209.0107900151974,206.34138763159262,206.74977111816406,80698400,211.4511244032118,211.4511244032118,211.2364562700129,211.52613865657335,211.4511244032118,216.40894801539875,206.49330079102484,,-0.5231212794040232,-0.0009383483523177638,-0.5221829310517054
2025-08-01,210.03674932642843,212.7360475386617,200.7037794341265,201.58030700683594,104434500,210.46404266357422,210.46404266357422,210.31682300685318,211.13610604285816,210.46404266357422,218.262896209077,202.66518911807142,,-1.2227633481612088,-0.24530334831409598,-0.9774599998471128
2025-08-04,203.70186769022786,207.0585613783641,200.88304868853191,202.5464630126953,75109300,209.7442626953125,209.7442626953125,209.5767887216953,210.79925729657725,209.7442626953125,218.54969090074684,200.93883448987816,,-1.6799090671113959,-0.5322244920735559,-1.14768457503784
2025-08-05,202.59624780213056,204.52858421879685,201.36115745633876,202.11814880371094,44155100,209.1087532043457,209.1087532043457,208.86644206283967,210.45882166940603,209.1087532043457,218.58887710136918,199.62862930732223,,-2.0530949198020494,-0.8363985776192546,-1.2166963421827948
2025-08-06,204.81744899810374,214.52892145014,204.77759854868273,212.40733337402344,108483100,209.36249014047476,209.36249014047476,209.20366980676195,210.53523389311653,209.36249014047476,218.62160672077871,200.1033735601708,,-1.5012902526851803,-0.9693769126324399,-0.5319133400527405
2025-08-07,218.01510326859565,219.9773200540019,215.7241886502616,219.16055297851562,90224800,210.0623517717634,210.0623517717634,210.15194439454802,210.8734817003871,210.0623517717634,220.38541730751132,199.73928623601546,67.72,-0.5131375649539507,-0.8781290430967421,0.3649914781427914
2025-08-08,219.95738825778145,230.08719950298993,218.38362983130105,228.4437255859375,113854000,211.28777669270832,211.28777669270832,211.89401879372795,211.56251087236947,211.28777669270832,225.0374611194578,197.53809226595885,76.53,1.0074418435751795,-0.5010148657623578,1.5084567093375374
2025-08-11,227.27701087414155,228.91238364576833,224.12592192869855,226.53909301757812,61806100,212.2409839630127,212.2409839630127,213.28878776742795,212.1498278192404,212.2409839630127,227.55767081504308,196.9242971109823,72.18,2.0353616670998065,0.006260440810075041,2.0291012262897317
2025-08-12,227.36673308681236,230.14887046423402,226.42939779448272,229.00210571289062,55626200,213.22693230124082,213.22693230124082,214.7852942384244,212.81070146212866,213.22693230124082,230.1396713064992,196.31419329598245,74.22,3.0139965966428974,0.6078076719766395,2.406188924666258
2025-08-13,230.4181341091737,234.33703985510917,229.77992501054072,232.6717529296875,69878500,214.30720011393228,214.30720011393228,216.48876649473516,213.58956622556235,214.30720011393228,233.10180758875583,195.51259263910873,76.94,4.03912121575425,1.2940703807321616,2.745050835022088
2025-08-14,233.39969406647393,234.4567012802976,230.19875827485632,232.12330627441406,51916300,215.2448899118524,215.2448899118524,217.97777028327602,214.31637956081144,215.2448899118524,235.25580946316046,195.23397036054433,75.65,4.75250092813306,1.9857564902123412,2.7667444379207184
2025-08-15,233.3398655982593,233.61907447658757,228.69300821277216,230.93666076660156,56038700,216.02947845458985,216.02947845458985,219.211950329307,214.96815529437185,216.02947845458985,236.73231906685578,195.32663784232392,72.82,5.162595922357781,2.621124376641429,2.5414715457163517
2025-08-18,231.04634466466607,232.46233685580373,229.46083388892833,230.23863220214844,37476200,216.95939178466796,216.7061048235212,220.26211050767284,215.56699752604936,216.95939178466796,238.4864963998057,195.4322871695302,71.14,5.369379226966572,3.170775346706458,2.198603880260114
2025-08-19,230.6275464777077,232.21305735738468,228.70299840660482,229.90957641601562,39402600,217.7772315979004,217.30626262318003,221.18091678465788,216.12945160016568,217.7772315979004,239.99127242674433,195.56319076905646,70.31,5.443949967273795,3.6254102708199256,1.8185396964538696
2025-08-20,229.33119207499826,229.81981519856654,225.13307755654054,225.3723907470703,42263900,218.3806625366211,217.65696384595788,221.5801047810781,216.49191980200507,218.3806625366211,240.73825477478374,196.02307029845844,59.97,5.078394283470175,3.9160070733499754,1.1623872101201993
2025-08-21,225.63166356522294,225.88095827873425,223.14868274098328,224.26551818847656,30621200,218.94817276000975,217.93232027689615,221.83585843892556,216.79676679755298,218.94817276000975,241.29785450533961,196.5984910146799,57.74,4.645819292528529,4.061969517185687,0.5838497753428422
2025-08-22,225.53193619713707,228.44369658121065,224.77408575714253,227.11744689941406,42477800,219.65230178833008,218.2997253417969,222.33886686373398,217.20149935056716,219.65230178833008,242.104675688622,197.19992788803816,61.69,4.481467737620221,4.145869161272594,0.33559857634762746
2025-08-25,225.84107546750252,228.65312729963858,225.59178073979155,226.5191650390625,30983100,220.31805191040038,218.61585763784555,222.73699049947956,217.56689800501795,220.31805191040038,242.7550000222896,197.88110379851116,60.41,4.253905228674057,4.167476374752887,0.08642885392116995
2025-08-26,226.22996704217394,228.84258604761433,224.05612439304167,228.6630859375,54575100,221.2294479370117,218.98797720449943,223.30138054119578,218.00204262982118,221.2294479370117,243.45595811897763,199.0029377550458,63.34,4.198162990159403,4.173613697834191,0.024549292325212413
2025-08-27,227.96506627689797,230.24859923631865,227.6160475796746,229.8397674560547,31259500,222.31024017333985,219.37554114205497,223.92408405689662,218.46626713281074,222.31024017333985,243.96891299442984,200.65156735224986,64.88,4.200514314852768,4.178993821237906,0.021520493614861635
2025-08-28,230.16883391080088,232.7515235304584,228.692998228932,231.90391540527344,38074700,223.5679473876953,219.8075540476832,224.68406799483728,218.99323373173084,223.5679473876953,244.3246324148847,202.81126236050594,67.46,4.319148786674418,4.207024814325209,0.11212397234920957
2025-08-29,231.85405874294378,232.7216147258446,230.71727541448905,231.485107421875,39418400,225.06318740844728,220.19680582682292,225.33178603550755,219.48311113134434,225.06318740844728,243.30714884550997,206.81922597138458,66.39,4.329465769777244,4.231513005415616,0.09795276436162759
2025-09-02,228.60325464814514,230.19874691737337,226.3296880547272,229.07192993164062,44075600,226.38946075439452,220.48310015278477,225.68799021609166,219.8591432411599,226.38946075439452,241.29186064374827,211.48706086504077,60.47,4.095706047690612,4.204351613870616,-0.10864556618000343
2025-09-03,236.5408165177042,238.17618932549604,233.69885053091846,237.79725646972656,66427800,228.1734161376953,221.0241675376892,226.8412536688188,220.56259866188802,228.1734161376953,238.75919124820336,217.58764102718726,70.66,4.561923698123167,4.275866030721126,0.28605766740204075
2025-09-04,237.77731160532718,239.2232180033205,236.07214416452067,239.1035614013672,47549400,229.5082275390625,221.57202795780066,228.00909250049008,221.28969523990682,229.5082275390625,238.30467173703624,220.71178334108873,71.83,4.979412863828031,4.416575397342507,0.562837466485524
2025-09-05,239.32291694518142,240.63920029193574,237.81718240373485,239.0137939453125,54870400,230.50088958740236,222.08502107508042,229.05715930475887,221.98475793423646,230.50088958740236,238.85006742346778,222.15171175133693,71.62,5.242599132614316,4.58178014439687,0.6608189882174464
2025-09-08,238.62490021245955,239.47249309970456,235.67324414176576,237.2089080810547,48999500,230.93914871215821,222.51713213239398,229.83351633107276,222.58178343019011,230.93914871215821,239.74155062396068,222.13674680035575,67.33,5.245074982148651,4.714439111947226,0.5306358702014249
2025-09-09,236.33139119913957,238.1063683630383,232.70166073618753,233.68887329101562,66313900,231.29663772583007,222.82745827568903,230.20069318440065,223.01735558159504,231.29663772583007,239.92566285191697,222.66761259974317,59.8,4.9064413199613455,4.75283955355005,0.15360176641129542
2025-09-10,231.53498298240493,231.7643298806428,225.31258085277642,226.15020751953125,83440800,231.1540428161621,222.91726230930638,229.81493264488927,223.14021252033766,231.1540428161621,240.03334524278353,222.27474038954068,47.54,3.9838411376738634,4.5990398703748125,-0.6151987327009492
2025-09-11,226.23995033725743,229.7998710451417,226.010588238333,229.3810577392578,50208600,230.98950805664063,223.08736218904195,229.77361122530533,223.3849515485306,230.98950805664063,239.87234962870747,222.1066664845738,52.08,3.473337979476071,4.373899492195064,-0.9005615127189932
2025-09-12,228.5733443098202,233.84841389514688,228.3739115767776,233.40966796875,55824200,231.05382614135743,223.35203669621393,230.11990234372863,223.77807768265686,231.05382614135743,239.98970406370486,222.11794821901,57.06,3.3551595350415653,4.170151500764364,-0.8149919657227986
2025-09-15,236.33139853346725,237.5180438551372,234.36695488957946,236.03224182128906,42699500,231.3086051940918,223.6690418243408,230.68298229397246,224.25863313907382,231.3086051940918,240.5168365266106,222.100373861573,59.98,3.4335423199744355,4.022829664606379,-0.5892873446319431
2025-09-16,236.51088466190768,240.53949594661788,235.65332541334,237.4781494140625,63421100,231.6705810546875,224.00584932652916,231.33014106731437,224.77704554201455,231.6705810546875,241.26287668578442,222.07828542359056,61.53,3.571167702237375,3.932497272132578,-0.36132956989520304
2025-09-17,238.2958480596019,239.42266510979977,237.05934071942244,238.3157958984375,46508000,232.09089202880858,224.34656234014602,231.99544152742135,225.30797692854094,232.09089202880858,242.08649274729368,222.0952913103235,62.44,3.705117590772602,3.8870213358605827,-0.1819037450879808
2025-09-18,239.2930082114909,240.51953392817583,235.98236714862816,237.2089080810547,44249600,232.6827178955078,224.64568665970202,232.4919621515769,225.77468011099245,232.6827178955078,242.4012063191747,222.96422947184092,60.41,3.6795417790841896,3.8455254245053045,-0.165983645421115
2025-09-19,240.54944568604057,245.60514967420656,239.53233423145286,244.80740356445312,163741300,233.70981216430664,225.10390749844638,233.6648613337556,226.52106142289287,233.70981216430664,244.007416697372,223.41220763124127,68.08,4.223719437786514,3.9211642271615466,0.30255521062496715
2025-09-22,247.5995237986898,255.9160073848096,247.42002368458668,255.35755920410156,105517400,235.121817779541,225.77621086968315,235.73083255950283,227.65190447313634,235.121817779541,248.80225795237098,221.44137760671103,75.25,5.443543757735682,4.225640133276373,1.2179036244593089
2025-09-23,255.15814081026073,256.6140134777918,252.86462630601793,253.71221923828125,60275200,236.48147048950196,226.38351539943528,237.44334557652934,228.67387760118123,236.48147048950196,251.861620979294,221.10131999970992,72.52,6.205959694807177,4.6217040455825344,1.5842556492246427
2025-09-24,254.49999981420794,255.01853710208397,250.33178410429736,251.59820556640625,42303700,237.62822647094725,226.9199981689453,238.79142748032714,229.57287085471947,237.62822647094725,253.94544659625177,221.31100634564274,69.04,6.563931663761451,5.010149569218318,1.5537820945431333
2025-09-25,252.4956917858775,256.44452717224715,250.99992334214926,256.1453552246094,55202100,238.943505859375,227.52885977427164,240.44418250359212,230.6149290653034,238.943505859375,256.78680158394917,221.10021013480085,72.14,7.13232697782712,5.434585050940079,1.6977419268870406
2025-09-26,253.38315498635407,256.87328100426123,253.06405044687503,254.73931884765625,46076300,240.08527603149415,228.08417526556522,241.80562406016966,231.56098356657213,240.08527603149415,258.92643647555684,221.24411558743145,69.81,7.38420841629457,5.824509724010977,1.5596986922835923
2025-09-29,253.84185736381545,254.28061851263055,252.29622703166862,253.71221923828125,40127700,241.19663162231444,228.59673614501952,242.9395855057041,232.42965947526662,241.19663162231444,260.5178921169749,221.875371127654,68.09,7.415467028405288,6.14270118488984,1.2727658435154483
2025-09-30,254.1410137555297,255.1980209495745,252.39595068950493,253.9116668701172,37704300,242.4386184692383,229.44216217041014,243.9845456356482,233.27209113780978,242.4386184692383,261.6714897957399,223.2057471427367,68.25,7.371360999653831,6.388433147842639,0.9829278518111924
2025-10-01,254.3205078449461,258.05994405161016,254.21081755391603,254.72935485839844,48713900,243.28522338867188,230.26569366455078,245.00786079971965,234.11355246018582,243.28522338867188,263.13850642317556,223.43194035416823,68.96,7.3180295516954175,6.574352428613195,0.7436771230822226
2025-10-02,255.85613542550084,257.45162766856953,253.43299812845933,256.40460205078125,42630200,244.15027542114257,231.12771026611327,246.0932647283922,234.98771126766016,244.15027542114257,264.7307542839394,223.56979655834573,70.41,7.326487258223551,6.7247793945352665,0.6017078636882847
2025-10-03,253.9515436206674,258.5086431914624,253.23357360959045,257.2920837402344,49155600,245.06418991088867,232.01524566650392,247.1598189199962,235.86239254109447,245.06418991088867,266.2972843062323,223.83109551554503,71.17,7.320417194311972,6.843906954490608,0.47651023982136387
2025-10-06,257.2621712100349,258.3391414491699,254.33047806472084,255.96585083007812,44664100,246.00203704833984,232.87386535644532,247.9984886257183,236.65076345438794,246.00203704833984,267.43030183902584,224.57377225765384,68.32,7.126441530957834,6.900413869784053,0.22602766117378081
2025-10-07,256.0854948355218,256.67382669789566,254.70938317067183,255.75643920898438,31955800,247.10541534423828,233.72491088867187,248.73734106221983,237.40000564084272,247.10541534423828,268.1329437333388,226.07788695513779,67.86,6.876548086693305,6.895640713165903,-0.019092626472598795
2025-10-08,255.79633660873378,257.7906945345413,255.38748958216482,257.3320007324219,36496900,248.6645050048828,234.66284759521486,249.55588007842954,238.18165250717917,248.6645050048828,267.67747905480934,229.65153095495629,69.53,6.728083223834972,6.862129215299717,-0.13404599146474538
2025-10-09,257.082687156571,257.2721535801604,252.42586356688122,253.3233184814453,38322000,249.8616180419922,235.5648355102539,249.91468373585963,238.7754433296994,249.8616180419922,266.64685107363425,233.0763850103501,60.86,6.2153103656904705,6.732765445377868,-0.5174550796873971
2025-10-10,254.2207817432353,255.6567217403356,243.3116425485481,244.57806396484375,61999100,250.42003784179687,236.3214013671875,249.4064342338581,239.00299708009723,250.42003784179687,265.56353988179603,235.2765358017977,47.08,5.0451083602279425,6.3952340283478835,-1.350125668119941
2025-10-13,248.6764678182016,248.98559082884384,244.86723728717817,246.96131896972656,38142900,250.96649169921875,237.22902160644531,249.1735661134646,239.31508813459251,250.96649169921875,264.6415068129283,237.2914765855092,50.38,4.260906523172707,5.968368527312848,-1.7074620041401412
2025-10-14,245.90431694508948,248.14796941642882,244.00966795095763,247.07101440429688,35478000,251.44613494873047,238.11951263427736,248.97332309354388,239.61924210595348,251.44613494873047,263.73148690289077,239.16078299457018,50.53,3.6066966681444796,5.496034155479174,-1.8893374873346946
2025-10-15,248.78616738422895,251.10959602979932,246.77186176083558,248.63658142089844,33893600,251.96217422485353,239.0498812866211,248.94125245805384,239.97286325555916,251.96217422485353,262.6941113314882,241.23023711821884,52.76,3.177925670023427,5.032412458388025,-1.8544867883645981
2025-10-16,247.54966879270205,248.33743345063007,244.43847540742667,246.75192260742188,39777000,252.43932495117187,239.73677307128906,248.73274485323174,240.2387087203381,252.43932495117187,261.04792720318255,243.83072269916119,49.84,2.6554351459757584,4.557016995905572,-1.9015818499298138
2025-10-17,247.3203043073955,252.66518358811555,246.57242016484557,251.5782470703125,49147000,252.77786712646486,240.385126953125,249.0037450643823,240.6833964987685,252.77786712646486,260.6212843524354,244.93444990049431,56.49,2.6008210441635526,4.165777805557168,-1.5649567613936153
2025-10-20,255.168106265739,263.63416054313814,254.90884523128253,261.50018310546875,90483000,253.0849983215332,241.04625610351562,250.19388202067626,241.49974107158027,253.0849983215332,261.7877330866343,244.38226355643204,66.35,3.319886704589095,3.9965995853635534,-0.6767128807744585
2025-10-21,261.1412435480521,264.54162761794373,261.0913663387469,262.0287170410156,46695900,253.5008232116699,241.75604858398438,251.32100916547049,242.3047989527346,253.5008232116699,263.0803194683988,243.921326954941,66.79,3.8875860208112556,3.974796872453094,-0.08721085164183862
2025-10-22,261.9090191460537,262.1084670888602,254.70938662410154,257.72088623046875,45015300,253.80695724487305,242.33042419433593,251.9305212668989,242.90935139499868,253.80695724487305,263.52082874346615,244.09308574627994,60.02,3.9444170897074002,3.9687209159039556,-0.024303826196555356
2025-10-23,259.206686997747,259.8847613495841,257.28213901467177,258.8476867675781,32754900,253.94207382202148,242.85394287109375,252.58929893363026,243.5343841547077,253.94207382202148,263.8658081764725,244.01833946757043,61.13,4.0338794561651525,3.9817526239561953,0.0521268322089572
2025-10-24,260.4531458541269,263.3848541030092,258.44880663072195,262.07855224609375,38253700,254.30903549194335,243.45304779052734,253.49303734434108,244.26160643280127,254.30903549194335,264.87866284159395,243.73940814229275,64.2,4.31573377624963,4.048548854414882,0.2671849218347475
2025-10-27,264.13276036080543,268.36078929414754,263.90339825112477,268.0516662597656,44888200,255.02600784301757,244.19534790039063,254.87957343152436,245.19454995542733,255.02600784301757,267.2422918823062,242.80972380372893,69.06,4.963865386793941,4.231612160890694,0.7322532259032473
2025-10-28,268.23113785786586,269.12862319727753,267.39351124836816,268.2411193847656,41534800,255.74248046875,244.95539764404296,256.1521016175473,246.09833699187197,255.74248046875,269.2916838751206,242.19327706237937,69.2,5.430205611444933,4.471330851001542,0.9588747604433907
2025-10-29,268.5203194424725,270.6443152614699,266.35642794866993,268.93914794921875,51086700,256.45297012329104,245.73598907470702,257.369915553897,246.99405506863067,256.45297012329104,271.2145064475768,241.6914337990053,69.75,5.789372389615693,4.734939158724373,1.0544332308913198
2025-10-30,271.2226702585742,273.36662916750566,267.72259312931254,270.63433837890625,69886500,257.1644569396973,246.64122802734374,258.63319391818357,247.92112500236698,257.1644569396973,273.23026653932953,241.09864734006504,71.11,6.140023974999565,5.0159561219794115,1.1240678530201533
2025-10-31,276.2085891024436,276.53767519933945,268.40069127196034,269.6072692871094,86167100,257.780216217041,247.5480630493164,259.6783439533193,248.77156203314118,257.780216217041,274.78329786773173,240.7771345663503,69.09,6.262847779872118,5.265334453557953,0.9975133263141647
2025-11-03,269.65711516237894,270.08589475979994,265.49886601188945,268.29095458984375,50194600,258.3964714050293,248.371533203125,260.4985925853693,249.53702840791385,258.3964714050293,276.0052970746214,240.78764573543714,66.47,6.182700610917777,5.4488076850299185,0.7338929258878588
2025-11-04,267.5730004152706,270.72408938596277,266.86501191822913,269.2781982421875,49274800,259.07255935668945,249.2267138671875,261.3347455050663,250.31119193082654,259.07255935668945,277.282656801671,240.8624619117079,67.47,6.128203597696995,5.584686867563334,0.5435167301336614
2025-11-05,267.8522167164328,270.9335263776032,266.17696342424256,269.3779296875,43683100,259.6748558044434,250.0410107421875,262.10076304625045,251.05890713697062,259.6748558044434,278.43120055916734,240.91851104971946,67.57,6.023625214341564,5.672474536918981,0.35115067742258343
2025-11-06,267.1342708755924,272.6287059365568,267.1342708755924,269.0089416503906,51204000,260.4591369628906,250.82439422607422,262.75868481807333,251.76283005906552,260.4591369628906,279.4080067759037,241.5102671498776,66.72,5.84361033878838,5.706701697292861,0.13690864149551984
2025-11-07,269.03885049148494,271.5218466038475,266.0173996929098,267.7126159667969,48227400,261.6158645629883,251.54056823730468,263.23048778461845,252.38831185936874,261.6158645629883,279.2625581398492,243.96917098612738,63.67,5.532568597270085,5.6718750772883055,-0.1393064800182202
2025-11-10,268.46122924118225,273.22240319845355,266.96401085683,268.93035888671875,41312400,262.7143165588379,252.28947326660156,263.77333265148513,253.0370195859315,262.7143165588379,279.21817070106397,246.21046241661182,65.28,5.322967595706643,5.602093580971973,-0.2791259852653294
2025-11-11,269.3096487524697,275.3983427074405,269.2996575494418,274.73956298828125,46208300,264.0977439880371,253.20282592773438,264.8177355407038,253.88809971935697,264.0977439880371,279.69401835898356,248.50146961709063,71.7,5.561501980410242,5.593975260859627,-0.03247328044938502
2025-11-12,274.49002155435767,275.2186787593472,271.19615348009904,272.9628601074219,48398000,265.3140579223633,253.90613800048828,265.593461689915,254.6361295384968,265.3140579223633,279.5700798953787,251.05803594934792,67.58,5.5432776704608955,5.583835742779881,-0.04055807231898534
2025-11-13,273.6016697208788,276.1868935731559,271.5854266195937,272.44384765625,49602800,266.59865417480466,254.57294372558593,266.2458794009945,255.3344714254675,266.59865417480466,278.19393048539746,255.0033778642119,66.38,5.424425406783598,5.5519536755806245,-0.12752826879702628
2025-11-14,270.54732197227213,275.44821996704485,269.10002929321837,271.9048156738281,47431300,267.61498260498047,255.23076416015624,266.78482571269296,255.98428884697185,267.61498260498047,277.02409136219956,258.2058738477614,65.09,5.226491020327217,5.486861144529943,-0.2603701242027263
2025-11-17,268.3214829895084,269.98836893107386,265.237217022597,266.9639892578125,45018300,267.88817291259767,255.8258657836914,266.80188890746626,256.4148653336715,267.88817291259767,276.8567046431589,258.91964118203646,54.61,4.6177130715943235,5.313031529942819,-0.6953184583484955
2025-11-18,269.48932037088264,270.2079864201871,264.8279974843966,266.9440612792969,45677300,268.1339401245117,256.490969543457,266.8154291333549,256.82777497859803,268.1339401245117,276.6861237161107,259.58175653291266,54.57,4.086537084168754,5.067732640788006,-0.9811955566192525
2025-11-19,265.0375710636542,271.7051756343288,265.00762791735707,268.06195068359375,40424500,268.65099334716797,257.32920440673826,266.93414547147285,257.26833088859786,268.65099334716797,275.6643770977161,261.6376095966198,56.41,3.712979700811502,4.796782052792706,-1.0838023519812037
2025-11-20,270.327749378444,274.91922505965954,265.42688147061517,265.7562561035156,45823600,268.99642181396484,258.05670837402346,266.8219655316674,257.60119070094754,268.99642181396484,274.49339011825066,263.49945350967903,51.75,3.1940633262568667,4.476238307485538,-1.2821749812286711
2025-11-21,265.4568071090486,272.8230952896135,265.17732758833057,270.98651123046875,59030800,269.4418197631836,258.8082452392578,267.21858893155326,258.126105231517,269.4418197631836,273.9295829481655,264.95405657820174,59.85,3.1683336602943086,4.214657378047292,-1.0463237177529834
2025-11-24,270.397615191446,276.4863089537433,270.397615191446,275.4083251953125,65585800,269.8096527099609,259.5957669067383,267.998563813816,258.80383934774426,269.8096527099609,274.9727959018575,264.6465095180643,65.17,3.4648060199374413,4.064687106425322,-0.5998810864878807
2025-11-25,274.75953066216096,279.8600705608694,274.73957871594786,276.4563903808594,46914200,270.2204162597656,260.3753317260742,268.8040711059154,259.4960962510037,270.2204162597656,276.1136776603049,264.3271548592263,66.31,3.7412063048873847,3.9999909461177348,-0.25878464123035005
2025-11-26,276.44637611579356,279.01161742605893,276.1170014953278,277.0352783203125,33431400,270.62522277832034,261.1497213745117,269.58799560252464,260.1839073125452,270.62522277832034,277.21857425039616,264.0318713062445,66.96,3.961303499891244,3.992253456872437,-0.030949956981193072
2025-11-28,276.7458380127342,278.4826014787427,275.4781737009374,278.3328857421875,20135600,271.01015014648436,261.9722009277344,270.4208422824925,260.8956319568449,271.01015014648436,278.4502682971903,263.57003199577844,68.41,4.192114105130543,4.032225586524058,0.15988851860648445
2025-12-01,277.4944549964911,282.89442609469603,275.62792768573877,282.57501220703125,46587700,271.65853729248045,262.72755310058596,271.5783822753057,261.745803731362,271.65853729248045,280.67673868755645,262.64033589740444,72.66,4.66357849554629,4.158496168328504,0.5050823272177851
2025-12-02,282.47518456741903,286.86701880065203,282.10587559562896,285.6592712402344,53669500,272.526953125,263.3335873413086,272.9194193195846,262.6835867709256,272.526953125,283.34511338851297,261.708792861487,75.26,5.225850992161156,4.371967133095035,0.8538838590661211
2025-12-03,285.6692634925469,288.0847586222564,282.77461708045536,283.623046875,43538700,273.24419555664065,263.93180389404296,273.93881242010036,263.50474206912463,273.24419555664065,285.0155699670149,261.47282114626637,70.49,5.44439016701557,4.586451739879142,0.8579384271364274
2025-12-04,283.5731318378766,284.20196835267484,278.07334059490756,280.179443359375,43989100,273.7842712402344,264.50342864990233,274.5331582238408,264.15865192364424,273.7842712402344,285.79743050833025,261.7711119721385,63.2,5.278862571515276,4.7249339062063695,0.5539286653089066
2025-12-05,280.01974631085085,280.6186397013617,277.53434330937836,278.26300048828125,47265800,274.2469741821289,264.94578155517576,274.88838129664464,264.7117636320614,274.2469741821289,286.1984052071255,262.2955431571323,59.5,4.936139097329317,4.767174944430959,0.16896415289835787
2025-12-08,277.6142094762677,279.15136205700173,275.6378704438954,277.3746643066406,38211800,274.7300765991211,265.39848846435547,275.1251701547395,265.208347972241,274.7300765991211,286.3457755147,263.1143776835422,57.82,4.5405068327242475,4.721841322089617,-0.18133448936536922
2025-12-09,277.64414811825674,279.5106752769474,276.40645748061854,276.66595458984375,32193300,275.11685638427736,265.85756317138674,275.2719115295113,265.65766587881365,275.11685638427736,286.4306590133891,263.8030537551656,56.45,4.122259618571491,4.6019249813859915,-0.4796653628145009
2025-12-10,277.23491184461454,279.2312028389952,275.92734368017386,278.26300048828125,33038300,275.2930282592773,266.34458984375,275.5567771446323,266.15199272624375,275.2930282592773,286.69150700353396,263.8945495150207,58.82,3.8749954099958472,4.456539067107963,-0.5815436571121158
2025-12-11,278.5824273392719,279.07150890817053,273.3022288840155,277.514404296875,33248000,275.52060546875,266.8002908325195,275.7432178257983,266.5975774937195,275.52060546875,286.90493689080915,264.1362740466908,57.24,3.57739332350684,4.280709918387738,-0.7033165948808984
2025-12-12,277.38464634485007,278.70220580092337,276.30666253778065,277.7639465332031,39532900,275.78661041259767,267.227477722168,275.9356681788845,267.0354743187973,275.78661041259767,287.1167307449939,264.45649008020143,57.65,3.32336778373093,4.089241491456377,-0.7658737077254472
2025-12-15,279.63046152672615,279.63046152672615,272.33402020742307,273.6016540527344,50409100,275.87145233154297,267.553669128418,275.71338111925115,267.29297156326544,275.87145233154297,287.1041767788898,264.63872788419616,49.23,2.754437060008968,3.8222806051668954,-1.0678435451579276
2025-12-16,272.3140798989353,274.9891026980292,271.2859911871425,274.1007385253906,37648600,276.22828979492186,267.9163668823242,275.55979611031205,267.5599428166821,276.22828979492186,286.6970185408547,265.75956104898904,50.17,2.31711702573773,3.5212478892810624,-1.2041308635433325
2025-12-17,274.50001118897205,275.6478724530811,271.13626563598973,271.33587646484375,50138700,276.44788055419923,268.2279556274414,275.1575180488389,267.70801864602174,276.44788055419923,286.2603028038023,266.63545830459617,45.18,1.7275226803735109,3.1625028474995522,-1.4349801671260414
2025-12-18,273.1025913325419,273.12257373871984,266.4549687260805,271.68524169921875,51630700,276.6290451049805,268.5150204467773,274.82682506316075,267.8639881775197,276.6290451049805,285.90890151948287,267.3491886904781,45.91,1.2737725119001198,2.784756780379666,-1.5109842684795463
2025-12-19,271.6453053723066,274.09077415448866,269.399477884542,273.1625061035156,144632000,276.99935760498045,268.91180419921875,274.66831849557553,268.07177319422544,276.99935760498045,284.94796180718424,269.05075340277665,49.01,1.021598770995638,2.4321251785028606,-1.4105264075072226
2025-12-22,272.3539780142796,273.37210596231955,270.00836035897595,270.4674987792969,36571800,276.97340698242186,269.4295928955078,274.26824042735853,268.1657232171694,276.97340698242186,285.00759519510126,268.93921876974247,44.05,0.5973982612781583,2.0651797950579205,-1.4677815337797622
2025-12-23,270.3377490962612,271.99467443806464,269.06012395403746,271.85491943359375,29642000,276.7957366943359,269.92746490478515,274.0384003327143,268.3103975785978,276.7957366943359,285.12731208446144,268.4641613042104,47.02,0.36891690829492063,1.7259272177053206,-1.3570103094104
2025-12-24,271.8349404799371,274.9192064044749,271.69521595033444,273.3022155761719,17910600,276.6380279541016,270.4520889282227,273.9682874987579,268.5061551471302,276.6380279541016,285.11479556339145,268.1612603448117,50.01,0.3011569433052159,1.4409731628253,-1.139816219520084
2025-12-26,273.65157518449314,274.859322715931,272.35396775197984,272.8929748535156,21521800,276.43091278076173,270.937216796875,273.8658767706396,268.67818729247864,276.43091278076173,285.0677217578424,267.7941038036811,49.17,0.2119906801150364,1.1951766662832473,-0.9831859861682108
2025-12-29,272.1843267483383,273.8512128461511,271.8449608988494,273.2523498535156,23715200,276.1768859863281,271.46722534179685,273.80744563567544,268.8575662164409,276.1768859863281,284.8767819094433,267.4769900632129,49.96,0.16838331516413518,0.9898179960594249,-0.8214346808952897
2025-12-30,272.304089543875,273.5717234473003,271.77507361210075,272.5735778808594,22139600,275.6768142700195,271.8871319580078,273.6899344209311,269.00329216406516,275.6768142700195,283.96841146026077,267.3852170797783,48.42,0.07815205061558572,0.8074848069706572,-0.7293327563550714
2025-12-31,272.553621806917,273.17246717497864,271.24605357156486,271.3558349609375,27293600,274.9616424560547,272.08424499511716,273.467639234265,269.0955487443347,274.9616424560547,282.0007404005406,267.92254451156873,45.69,-0.09057446707987538,0.6278729521605507,-0.7184474192404261
2026-01-02,271.75509761912826,277.32473598417806,268.5011336129586,270.5074157714844,37838100,274.3058609008789,272.2538189697266,273.18571319019065,269.15091607873273,274.3058609008789,280.3159663256335,268.29575547612427,43.83,-0.2894155833266723,0.4444152450631061,-0.7338308283897783
2026-01-05,270.1381104139889,271.0064921177503,265.6464557026853,266.7643737792969,45647200,273.635107421875,272.43468872070315,272.5741570558198,269.0573261846372,273.635107421875,279.87510315054226,267.3951116932077,36.74,-0.7404948437705343,0.20743322729637806,-0.9479280710669123
2026-01-06,266.504853430471,267.0538212812338,261.6338984265986,261.8734436035156,52352100,272.81562957763674,272.49520385742187,271.5550414889337,268.775605299103,272.81562957763674,280.6082280847703,265.0230310705032,29.93,-1.4756255052203073,-0.12917851920695902,-1.3464469860133483
2026-01-07,262.71190159101934,263.1909919246956,259.32817380451803,259.8471984863281,48309800,271.9392562866211,272.45057678222656,270.44000882201885,268.42547169860205,271.9392562866211,281.3478370733756,262.5306754998666,27.64,-2.1964041182090455,-0.5426236390073763,-1.6537804792016693
2026-01-08,256.5433578451618,258.80916773471864,255.22581364132833,258.55963134765625,50419300,271.03394012451173,272.2607360839844,269.30854430065096,268.03857599856497,271.03394012451173,281.89921415248847,260.168666096535,26.27,-2.838798368869675,-1.001858584979836,-1.836939783889839
2026-01-09,258.5995368285105,259.7274461787287,255.74485516422806,258.8890075683594,39997000,270.06524047851565,272.0736938476563,268.31620746900415,267.67976939345886,270.06524047851565,281.6477122314142,258.4827687256171,27.27,-3.283472702990821,-1.4581814085820333,-1.8252912944087876
2026-01-12,258.6794199598783,260.8154357257053,256.32378048041085,259.76739501953125,45263800,269.1778900146484,271.8902587890625,267.5020348547686,267.36948020232444,269.1778900146484,281.07249391413217,257.2832861151647,29.98,-3.524374989140483,-1.8714201246937234,-1.6529548644467598
2026-01-13,258.24022168851656,261.3244878277737,257.9108470550362,260.5658874511719,45730800,268.3179870605469,271.6888897705078,266.84144938775944,267.1026726434557,268.3179870605469,280.0849807646216,256.5509933564722,32.45,-3.609254877028377,-2.218987075160654,-1.390267801867723
2026-01-14,259.0087756526009,261.33447181199796,256.23393227813756,259.4779052734375,40019400,267.611799621582,271.4863024902344,266.1401594721097,266.803662158357,267.611799621582,279.73355964742996,255.49003959573406,30.85,-3.72141570505579,-2.519472801139681,-1.201942903916109
2026-01-15,260.1666175851947,260.5559089501236,256.5732877053955,257.73114013671875,39388600,266.79331970214844,271.27510620117187,265.3393004877868,266.44787698103784,266.79331970214844,279.275508952422,254.31113045187487,28.44,-3.9062247897152247,-2.79682319885479,-1.1094015908604349
2026-01-16,257.4217372195352,258.41988279267105,254.45724364888233,255.05613708496094,72142800,265.9793327331543,270.9906649780273,264.3599515922796,266.00114208315244,265.9793327331543,279.3087550241961,252.6499104421125,25.18,-4.219893406728545,-3.081437240429541,-1.138456166299004
2026-01-20,252.26132447540706,254.31750190322293,242.9685916985444,246.2425079345703,80267500,264.7071960449219,270.52795654296875,262.63448076773585,265.22629368516886,264.7071960449219,280.3920351165688,249.02235697327498,17.91,-5.120636746508296,-3.4892771416452923,-1.631359604863004
2026-01-21,248.23880604127606,251.09350304772093,244.72532928784554,247.1907501220703,54641700,263.4086082458496,270.09159271240236,261.16364927767245,264.51901746700815,263.4086082458496,280.39265242040045,246.42456407129876,20.57,-5.692349254210285,-3.929891564158291,-1.7624576900519937
2026-01-22,248.737864640942,250.53452965267718,247.68980878155546,247.8894500732422,39708300,262.2797058105469,269.69512939453125,259.89943982963143,263.86687756921344,262.2797058105469,280.2604104635575,244.2990011575363,22.56,-6.019665333892334,-4.3478463181051,-1.671819015787234
2026-01-23,246.86136630134166,248.94748685874615,244.22624741136653,247.58001708984375,41689000,261.0659606933594,269.26812255859375,258.72616147346116,263.2281771582578,261.0659606933594,279.5940892522941,242.5378321344247,22.29,-6.232193493756,-4.72471575323528,-1.50747774052072
2026-01-26,251.01363570547153,256.08421686766076,249.336758511775,254.9363555908203,55969200,260.1476676940918,268.8720584106445,258.3652275798763,262.90300768502493,260.1476676940918,277.9277022510046,242.367633137179,40.33,-5.740851590508498,-4.927942920689924,-0.8129086698185741
2026-01-27,258.68937090303496,261.46421404872183,257.73112933459527,257.791015625,49648300,259.392569732666,268.5686215209961,258.31054072703097,262.7025374081612,259.392569732666,276.1466626043294,242.63847686100263,45.6,-5.062752129790226,-4.954904762509985,-0.10784736728024136
2026-01-28,257.17220993748055,258.3799575946877,254.03803333601454,255.96446228027344,41288000,258.5281753540039,268.23903381347657,258.08710468448265,262.4382991678519,258.5281753540039,274.0067724320281,243.04957827597974,42.99,-4.619490401686733,-4.887821890345335,0.26833148865860235
2026-01-29,257.52154586161765,259.16847988830324,253.93820707645818,257.801025390625,67253000,257.7895477294922,267.9569580078125,258.0598590374486,262.25644529423516,257.7895477294922,271.7849010577422,243.79419440124218,46.32,-4.073055347769127,-4.724868581830094,0.6518132340609668
2026-01-30,254.69678984095313,261.41430490835,251.7123292610244,258.9988098144531,92443400,257.171696472168,267.7976544189453,258.14928292097284,262.12869488326334,257.171696472168,269.6546571300759,244.68873581426,48.44,-3.5029703760152984,-4.4804889406671355,0.9775185646518372
2026-02-02,259.5478036352127,269.98839826257677,258.7293169184304,269.5093078613281,73913400,257.12179107666014,267.8489593505859,259.23119005814954,262.41813068632473,257.12179107666014,269.3863389738133,244.85724317950698,62.46,-2.177958427158103,-4.019982837965329,1.842024410807226
2026-02-03,268.70080609664296,271.3758289780004,267.11372779647115,268.98028564453125,64394700,257.2325866699219,267.86732604980466,260.15967535209063,262.6754700964505,257.2325866699219,269.8974146409666,244.56775869887718,61.55,-1.1572248158360594,-3.4474312335394752,2.290206417703416
2026-02-04,271.7850411492978,278.432693698261,271.7850411492978,275.97723388671875,90545700,257.93777618408205,268.0717456054688,261.6661094982457,263.1971078921473,257.93777618408205,273.02885596117443,242.84669640698968,68.14,0.2138441105404354,-2.715176164723493,2.9290202752639285
2026-02-05,277.6142303156022,278.98168486317746,272.72332314901723,275.3983459472656,52977400,258.71533355712893,268.1599822998047,262.9739415410095,263.67558781587746,258.71533355712893,275.70388676551494,241.72678034874292,67.11,1.2394273470267763,-1.9242554623734396,3.163682809400216
2026-02-06,276.6060720438839,280.3890519626743,276.4164219647768,277.6042175292969,50453400,259.6675628662109,268.2039001464844,264.3673011589416,264.22180858895274,259.6675628662109,278.6386369524793,240.6964887799425,69.03,2.204789412390028,-1.0984464874207462,3.3032358998107743
2026-02-09,277.6541982366954,277.9439398399519,271.4499228389202,274.3672180175781,44623400,260.44147338867185,268.16211669921876,265.31967419309746,264.61966778223217,260.44147338867185,280.50992367483275,240.37302310251096,63.22,2.677779224347887,-0.3432013450670196,3.0209805694149066
2026-02-10,274.6369782150198,275.11651686144285,272.68876099546605,273.4280700683594,34376900,261.12450714111327,268.0899725341797,266.09190237169383,264.9650953228646,261.12450714111327,282.0096286129935,240.23938566923303,61.6,2.9429215001680973,0.3140232239800038,2.6288982761880932
2026-02-11,274.44714753122867,279.92208361183503,274.1973776592452,275.24639892578125,51931300,261.85853271484376,268.0282427978516,266.9637591863688,265.3682836994496,261.85853271484376,283.67226243533827,240.04480299434925,63.55,3.2621683601615814,0.9036522512163194,2.358516108945262
2026-02-12,275.3363333447182,275.46621856633783,259.94051360693726,261.4891052246094,81077200,261.95909271240237,267.6065246582031,266.44236357096315,265.21615905337745,261.95909271240237,283.74513925555914,240.1730461692456,44.97,2.377666905531214,1.1984551820792984,1.1792117234519157
2026-02-13,261.7688319830923,261.9886306947134,255.21485759663088,255.5445556640625,56290700,261.84976348876955,267.00423034667966,265.4044771036393,264.83688048909056,261.84976348876955,283.74680875393483,239.95271822360428,39.59,1.1833764344748374,1.1954394325584061,-0.012062998083568699
2026-02-17,257.8124646511843,266.0449008431299,255.30478047881587,263.6371154785156,58469100,262.27881240844727,266.60451171875,265.2361569488656,264.7898308808327,262.27881240844727,283.95048888792763,240.60713592896693,48.61,0.8797533277121374,1.1323022115891523,-0.2525488838770149
2026-02-18,263.35737977838915,266.57441720150126,262.20844437502524,264.106689453125,34203300,263.172021484375,266.283056640625,265.12858861593793,264.7630410209226,263.172021484375,283.49112859822054,242.85291437052948,49.08,0.6693051898730005,1.039702807245922,-0.37039761737292154
2026-02-19,262.35827847824623,264.2365527856389,259.81060750150084,260.3401184082031,30845300,263.82948989868163,265.92459899902343,264.6725438342489,264.5895930753258,263.82948989868163,282.77588179184687,244.88309800551636,45.45,0.19632955476453162,0.871028156749644,-0.6746986019851123
2026-02-20,258.73163460792017,264.5063132392292,257.9223826043077,264.3364562988281,42070500,264.65184020996094,265.66383483886716,264.6405354975422,264.5796661429141,264.65184020996094,282.04956741790505,247.2541130020168,49.7,0.1423234096466217,0.7252872073290396,-0.5829637976824179
2026-02-23,263.24744081710827,269.1819753311392,263.13755670993424,265.9349670410156,37308200,265.56958770751953,265.44921508789065,264.7638146921587,264.63281519774165,265.56958770751953,281.0008505234239,250.1383248916152,51.34,0.2259055100319074,0.6254108678696132,-0.3995053578377058
2026-02-24,267.61343657617186,274.6369951599546,267.46358073991865,271.8895263671875,47014600,266.41724624633787,265.3217456054688,265.44245389930427,264.9173921063474,266.41724624633787,281.2396609362586,251.59483155641712,56.95,0.7638232214240475,0.6530933385805001,0.11072988284354734
2026-02-25,271.5298429675081,274.6869380517792,270.8005039088116,273.97760009765625,33714300,267.2265754699707,265.2510095214844,266.255324965814,265.2726943805164,267.2265754699707,281.83184280870125,252.62130813124017,58.74,1.343134167863525,0.7911015044371051,0.5520326634264198
2026-02-26,274.6969199809464,275.8558253670768,270.55071567552415,272.6987609863281,32345100,268.06329040527345,265.1497058105469,266.8689855391963,265.56391267878354,268.06329040527345,281.8461821256842,254.28039868486272,57.17,1.6796882376134477,0.9688188510723736,0.710869386541074
2026-02-27,272.5588900215503,272.5588900215503,262.6480379442022,263.93682861328125,72366500,268.3700805664063,264.9564093017578,266.58973249863294,265.5001054605285,268.3700805664063,281.4462114481169,255.29394968469566,47.74,1.22527088657489,1.020109258172877,0.20516162840201302
2026-03-02,262.16844722421786,266.2846497598317,259.960490133898,264.476318359375,41827900,268.64395599365236,264.7639208984375,266.38845496156074,265.4599569467578,268.64395599365236,281.1088136097009,256.1790983776038,48.3,0.8983189145200186,0.9957511894423055,-0.0974322749222869
2026-03-03,263.23749216234586,265.31556422164516,259.8905695547566,263.5072326660156,38568900,268.3438522338867,264.60734802246094,266.1140528381755,265.3833795239836,268.3438522338867,281.0083991470698,255.67930532070363,47.31,0.554616728231565,0.9075242972001574,-0.3529075689685923
2026-03-04,264.4063951364299,265.9050144519466,261.179387723623,262.2783508300781,39803100,268.0087554931641,264.4192102050781,265.74874788502336,265.26161369285006,268.0087554931641,280.9539478031957,255.06356318313243,46.02,0.18098351014469927,0.7622161397890658,-0.5812326296443665
2026-03-05,260.54995479568396,261.3192350446657,257.01320478174756,260.0504150390625,49658600,267.21241455078126,264.15696838378904,265.2060495187414,265.05725296132897,267.21241455078126,280.05273653130837,254.37209257025415,43.7,-0.29153862992058066,0.5514651858471366,-0.8430038157677172
2026-03-06,258.39192833924307,258.53178361058343,254.13584003818684,257.2229919433594,41120000,266.30364685058595,263.8920782470703,264.445758321086,264.7500270390557,266.30364685058595,279.27659678270084,253.33069691847106,40.88,-0.8839753270087272,0.2643770832759638,-1.148352410284691
2026-03-09,255.45463216869055,260.9095975388004,253.44647267699952,259.6407775878906,38218500,265.4054748535156,263.6477954101563,263.98814110840067,264.5496643154806,265.4054748535156,277.54474963148385,253.2662000755474,44.2,-1.1451895502120237,-0.01753624342163368,-1.12765330679039
2026-03-10,257.4128391437035,262.2384104290217,256.71350175461305,260.58990478515625,30590800,264.7166091918945,263.39354919433595,263.66449955380597,264.3943796280169,264.7166091918945,276.263817733044,253.16940065074505,45.49,-1.2610801247322456,-0.2662450196837561,-0.9948351050484896
2026-03-11,260.8496568052655,261.888707997661,259.3110658747261,260.5699157714844,26218900,264.0737014770508,263.1470880126953,263.36977728882295,264.2444006532509,264.0737014770508,274.9934520845304,253.1539508695712,45.47,-1.3391008651224752,-0.48081618877149995,-0.8582846763509753
2026-03-12,258.4219063383753,258.71164792954545,253.94601921584928,255.52456665039062,40794000,263.0876098632813,262.7925323486328,262.622614370877,263.90244637862895,263.0876098632813,273.29808470046885,252.8771350260937,39.79,-1.7874458096735566,-0.7421421129519113,-1.0453036967216454
2026-03-13,255.24483747003174,256.0940459350445,249.29033192864068,249.8897705078125,36930000,262.5076431274414,262.3388562011719,261.4099625743947,263.35292967781265,262.5076431274414,274.29618396106264,250.71910229382013,34.59,-2.56784287094149,-1.107282264549827,-1.4605606063916632
2026-03-16,251.87794235419486,253.6563027081548,249.6499992581203,252.58729553222656,32074200,262.3597801208496,261.96348541259766,260.5697085703787,262.9307479466132,262.3597801208496,274.58225718218944,250.1373030595098,38.72,-2.934814721885459,-1.4727887560169535,-1.4620259658685058
2026-03-17,252.72716690012706,254.89516767044782,251.94787083452104,253.99598693847656,32361600,261.87772369384766,261.6332568359375,259.94363984353083,262.5803651619804,261.87772369384766,274.63679785594843,249.11864953174688,40.82,-3.076508855067914,-1.7935327758271458,-1.282976079240768
2026-03-18,252.3974721128864,254.70534343896443,248.7708084606242,249.70994567871094,35757900,261.15788650512695,261.29216827392577,258.9690023040242,262.0756428293032,261.15788650512695,274.9685962769385,247.3471767333154,36.69,-3.4943692723851427,-2.133700075138745,-1.3606691972463976
2026-03-19,249.17043241392184,251.5982036354298,247.0723745163624,248.73085021972656,34864100,260.5774230957031,261.02931640625,257.9939402007577,261.55231762892765,260.5774230957031,275.4666161153715,245.68823007603473,35.81,-3.860035399234846,-2.4789671399579656,-1.3810682592768804
2026-03-20,247.7517334570195,248.97061168291066,245.77356028907465,247.76173400878906,88331100,259.74868698120116,260.78760711669923,257.01944437295117,261.0115104281379,259.74868698120116,275.5726781730668,243.92469578933557,34.9,-4.1798453627476135,-2.819142784515895,-1.3607025782317184
2026-03-23,253.73622734962268,254.3656523266213,250.0496214753341,251.25851440429688,40546100,259.0148643493652,260.641584777832,256.4707843759365,260.62903999583045,259.0148643493652,274.9914054953436,243.03832320338682,40.71,-4.103829714430816,-3.076080170498879,-1.0277495439319368
2026-03-24,250.1195650925759,254.5954370944537,249.32029842391177,251.4083709716797,45152300,257.99080657958984,260.4919720458984,255.98864976600728,260.2674451321383,257.99080657958984,273.09441229278434,242.88720086639535,40.95,-3.9855516345688216,-3.257974463312868,-0.7275771712559536
2026-03-25,253.86611511385965,254.76528059453105,251.3684162845015,252.38746643066406,28476700,256.9112998962402,260.3443734741211,255.64567992454602,259.9584263595314,256.9112998962402,270.1784176299508,243.64418216252963,42.6,-3.769359750375429,-3.3602515207253805,-0.40910822965004856
2026-03-26,251.88793104116345,256.76344411909713,250.53918279672283,252.6572265625,41796700,255.90922317504882,260.18620025634766,255.36106531863686,259.67210479886353,255.90922317504882,267.00543418047425,244.81301216962336,43.08,-3.535503651098793,-3.395301946800063,-0.1402017042987298
2026-03-27,253.666280215245,255.2548282141602,247.8416601166152,248.57098388671875,47900000,255.14093093872071,259.96806182861326,254.71439089654942,259.23676672387745,255.14093093872071,266.0225897353353,244.2592721421061,37.97,-3.637960497299389,-3.4438336568999284,-0.1941268403994605
2026-03-30,249.83982057534305,250.63907198816298,245.28400520065438,246.40298461914062,39446200,254.23726425170898,259.7414987182617,253.92282839393906,258.73348115114266,254.23726425170898,264.8532387514809,243.6212897519371,35.56,-3.849720526382413,-3.525011030796425,-0.3247094955859877
2026-03-31,247.6818040942864,255.24482803058763,246.87255213324852,253.55638122558594,49598100,253.7397216796875,259.71150360107424,253.8879286636197,258.53045762465024,253.7397216796875,263.41769623211303,244.06174712726195,47.41,-3.4011165973562925,-3.500232144108399,0.09911554675210654
2026-04-01,253.8461228128272,255.94418062939917,253.096813183035,255.3946990966797,40059400,253.3955390930176,259.8945474243164,254.0314306096254,258.40748670198474,253.3955390930176,262.24946107561533,244.54161711041985,49.96,-2.8642406792303063,-3.3730338511327806,0.5087931719024743
2026-04-02,253.96601496217014,255.89424639361263,250.4192795609811,255.68443298339844,31289400,253.17723999023437,260.06442108154295,254.18885940712758,258.300700281648,253.17723999023437,261.54208195457426,244.81239802589445,50.37,-2.3878578045018344,-3.1759986418065913,0.7881408373047569
2026-04-06,256.27389167390277,261.9186847371787,256.2239194053331,258.6217041015625,29329900,253.24717559814454,260.27906616210936,254.61103509231188,258.3132886667427,253.24717559814454,261.7762160325793,244.71813516370972,54.43,-1.753099077786942,-2.8914187290026616,1.1383196512157197
2026-04-07,255.92421782448065,255.96418954301222,245.47383916108728,253.26666259765625,62148000,252.9284698486328,260.39279907226563,254.4829996166304,258.1153817620727,252.9284698486328,260.91038740247376,244.94655229479181,46.9,-1.6629854480194979,-2.645732072806029,0.9827466247865311
2026-04-08,258.2121146377317,259.51090582044134,256.29386854025813,258.66168212890625,41032800,252.83205871582032,260.46730560302734,254.8809693797043,258.1368053058701,252.83205871582032,260.46320711330407,245.20091031833658,53.83,-1.1430602717997544,-2.345197712604774,1.2021374408050196
2026-04-09,258.7615948993736,260.879638597066,255.8342992320816,260.2502136230469,28121600,252.81607360839843,260.5164895629883,255.39232597430836,258.2196840634065,252.81607360839843,260.38001859409445,245.25212862270237,55.66,-0.5959646980574007,-1.9953511096952994,1.3993864116378987
2026-04-10,259.7406946341393,261.94865175168746,258.78155637925676,260.240234375,31291500,253.0518569946289,260.6020050048828,255.854031536279,258.2989213305278,253.0518569946289,261.2395673644055,244.8641466248523,55.65,-0.1613330096640766,-1.6285474896890548,1.4672144800249782
2026-04-13,259.49093671136296,259.9405042051452,256.4237552437805,258.96142578125,36234700,253.50543975830078,260.6252130126953,256.1499738453238,258.3249018972228,253.50543975830078,261.9564480574776,245.05443145912395,53.66,0.07901572458615647,-1.2870348468340127,1.3660505714201692
2026-04-14,259.01136264890187,261.68888841493145,256.9532612999924,258.59173583984375,48370700,253.80566177368163,260.6170715332031,256.3825226067067,258.335365973404,253.80566177368163,262.5411619387304,245.07016160863284,53.07,0.23693173786563193,-0.9822415298940839,1.2191732677597158
2026-04-15,257.92237663273806,266.3146386359468,257.57269269729437,266.18475341796875,49913500,254.41510009765625,260.55058044433594,257.3160683982555,258.64318508887715,254.41510009765625,264.7591292397486,244.07107095556393,62.26,0.9636658372613169,-0.5930600564630037,1.5567258937243207
2026-04-16,266.55439590858066,266.91408037974617,261.0294875448873,263.15753173828125,43323100,255.08747940063478,260.43412536621094,257.87239824016274,258.8202182908146,255.08747940063478,265.88216341475714,244.2927953865124,57.43,1.280574688980721,-0.21833310737425882,1.4989077963549797
2026-04-17,266.7142527536172,272.0493335842862,266.47448343207725,269.98126220703125,61436200,256.15,260.3142059326172,259.0256233798645,259.25790628752895,256.15,268.3960197214964,243.90398027850355,64.18,2.0586148274192055,0.23705647958443407,1.8215583478347714
2026-04-20,270.08114756253855,274.0275237795767,270.04120633500696,272.79864501953125,36590200,257.40184555053713,260.2622119140625,260.3373397264994,259.78891564956825,257.40184555053713,271.07321998065765,243.7304711204166,66.53,2.869478922891915,0.7635409682459302,2.1059379546459844
2026-04-21,271.250098918132,272.5488901425708,265.1557075406741,265.9250183105469,50209800,258.1351707458496,260.0286279296875,260.8694995916468,260.02954712646937,258.1351707458496,271.9912308969257,244.27911059477358,56.72,2.923747192726296,1.1955822131420035,1.7281649795842924
2026-04-22,267.5734973129919,273.48803128351057,266.62435952726383,272.9185791015625,43249200,259.21068115234374,259.99965515136716,262.0170309735435,260.53499936078674,259.21068115234374,274.16407744703605,244.2572848576514,62.74,3.4908369009370404,1.6546331507010108,1.8362037502360296
2026-04-23,274.79681820267325,275.5161566987003,271.39995382845746,273.1783142089844,33399600,260.25022354125974,259.9946600341797,263.0800103292998,261.0308156293435,260.25022354125974,276.0718931254179,244.42855395710163,62.95,3.916075946982687,2.106921709957346,1.809154237025341
2026-04-24,272.50893317942314,272.80864483253174,269.4017800912603,270.81048583984375,38157100,261.15788650512695,259.90594177246095,263.81624609220876,261.41433210818667,261.15788650512695,277.22638023219366,245.08939277806027,59.71,4.015726202078724,2.488682608381622,1.5270435936971025
2026-04-27,265.84505761361925,268.1129570778125,264.8260075108844,267.3636474609375,41466800,262.0975196838379,260.0234326171875,264.1540938416115,261.64763859260825,262.0975196838379,277.2379602803914,246.9570790872844,55.24,3.7730750360778984,2.745561093920877,1.0275139421570212
2026-04-28,272.0893199684016,272.97851539952296,268.4127145556596,270.4608154296875,40018900,263.30041122436523,260.3217578125,264.7547339928568,261.9932533705329,263.30041122436523,276.9389309433505,249.66189150537997,58.26,3.7870332478455566,2.9538555247058134,0.8331777231397433
2026-04-29,267.3037117460274,270.7905199823619,266.7942019267937,269.92132568359375,30047900,264.1186584472656,260.44744201660154,265.2467903443556,262.30415816712355,264.1186584472656,277.24992778021027,250.98738911432093,57.53,3.7117758756349986,3.1054395948916507,0.6063362807433479
2026-04-30,270.25102650288807,275.7459641951834,267.893213328058,271.1002502441406,91848200,264.9039360046387,260.5873132324219,265.8042627157637,262.64910295445753,264.9039360046387,277.7130244994562,252.09484750982116,58.75,3.7045593708910474,3.22526355009153,0.47929582079951727
2026-05-01,278.6032901046287,286.95561044034525,278.1137509144006,279.88214111328125,79915400,266.1138214111328,260.97815368652346,267.1450130393368,263.32490837245064,266.1138214111328,279.7975919880205,252.4300508342451,66.44,4.357237912337723,3.451658422540769,0.905579489796954
2026-05-04,279.4025768563376,280.3716851917065,274.60697695873915,276.5751647949219,46668400,267.0114944458008,261.2229278564453,268.0431227303449,263.8445262713711,267.0114944458008,280.9784331359176,253.04455575568397,61.77,4.555136232378857,3.672353984508387,0.8827822478704697
2026-05-05,276.6750995896243,284.30808218316156,276.2455026895375,283.9184265136719,49311700,268.54408264160156,261.5825970458984,269.5550564239951,264.63173804557897,268.54408264160156,282.88251429355824,254.20565098964488,67.27,5.244061648922411,3.986695517391192,1.257366131531219
2026-05-06,281.66051049385584,287.76487170009636,280.8112868075762,287.245361328125,58336100,269.9732666015625,261.8897137451172,271.23984736724555,265.5185468017572,269.9732666015625,285.7865195670788,254.16001363604622,69.41,5.989453152507792,4.387247044414512,1.60220610809328
2026-05-07,289.00371711581823,291.8611003514943,285.5169394038565,287.1754150390625,45224300,271.3195266723633,262.15367004394534,272.75752047884714,266.3678357522398,271.3195266723633,288.1962183692276,254.44283497549895,69.31,6.4996137074428475,4.80972037702018,1.6898933304226675
2026-05-08,289.7430674686918,294.4886952888782,289.7330669166447,293.0500183105469,52692800,272.96001586914065,262.56069519042967,274.6901393199614,267.41419585256557,272.96001586914065,291.58963227578664,254.33039946249465,72.94,7.293871796841529,5.30655066098445,1.987321135857079
2026-05-11,291.9800109863281,293.8800048828125,290.2300109863281,292.67999267578125,42247300,274.6459442138672,263.1355584716797,276.40345868718236,268.4050114142603,274.6459442138672,294.02915593276816,255.26273249496623,72.36,7.803515015143034,5.805943531816167,1.9975714833268672
2026-05-12,292.55999755859375,295.2699890136719,292.55999755859375,294.79998779296875,45748100,276.45635681152345,263.7420318603516,278.15550907820966,269.4401085271508,276.45635681152345,296.2846367176016,256.6280769054453,73.65,8.282995608458066,6.301353947144547,1.9816416613135184
2026-05-13,293.5,300.9200134277344,293.5,298.8699951171875,52684300,278.0906188964844,264.449287109375,280.128317272398,270.5942217267601,278.0906188964844,299.6652743184386,256.51596347453017,75.98,8.888936878560457,6.81887053342773,2.0700663451327275
2026-05-14,299.82000732421875,300.45001220703125,295.3800048828125,298.2099914550781,35324900,279.8432418823242,265.167919921875,281.85038148027235,271.6771930886549,279.8432418823242,301.99734644299025,257.68913732165817,74.83,9.209728899144125,7.2970422065710085,1.912686692573116
2026-05-15,297.8999938964844,303.20001220703125,296.5199890136719,300.2300109863281,54862800,281.3556793212891,265.9715118408203,283.600822385611,272.7969114375833,281.3556793212891,304.7692742405339,257.94208440204426,76.02,9.51724866250288,7.7410834977573835,1.7761651647454961
2026-05-18,300.239990234375,300.6600036621094,294.9100036621094,297.8399963378906,34483000,282.60774688720704,266.78385192871093,284.95693419059006,273.7789931983797,282.60774688720704,306.76115761343425,258.45433616097984,71.67,9.459067836626502,8.084680365531208,1.3743874710952948
2026-05-19,296.9700012207031,300.510009765625,296.3500061035156,298.9700012207031,42243600,284.25999603271487,267.5704364013672,286.2915120029818,274.7668758659218,284.25999603271487,308.12761702172554,260.3923750437042,72.48,9.395831763282445,8.346910645081456,1.0489211182009885
2026-05-20,298.17999267578125,302.79998779296875,298.0799865722656,302.25,38229800,285.72656707763673,268.40363830566406,287.8113680026978,275.84464543980727,285.72656707763673,310.2553759941448,261.19775816112866,74.71,9.500865149600315,8.577701545985228,0.9231636036150874
2026-05-21,301.05999755859375,305.5400085449219,300.3999938964844,304.989990234375,42965100,287.31715087890626,269.2920397949219,289.44742726285756,276.9876001376335,287.31715087890626,312.5358507188428,262.0984510389697,76.44,9.693459016271277,8.800853040042437,0.8926059762288396
2026-05-22,306.1199951171875,311.3999938964844,305.8399963378906,308.82000732421875,43670200,289.217626953125,270.35794860839843,291.2924348877491,278.23592983122506,289.217626953125,314.9227772095567,263.5124766966932,78.63,10.039413306257245,9.048565093285399,0.9908482129718461
2026-05-26,309.55999755859375,311.82000732421875,307.6700134277344,308.3299865722656,48000500,291.2659439086914,271.5267529296875,292.91505885770306,279.41608891910903,291.2659439086914,316.1545753639918,266.37731245339097,77.63,10.156960871688625,9.270244248966044,0.8867166227225809
2026-05-27,308.3299865722656,313.260009765625,308.29998779296875,310.8500061035156,50430900,293.2854034423828,272.69200714111327,294.6231490715899,280.6487915537916,293.2854034423828,317.61418937924515,268.95661750552046,79.1,10.334334899842077,9.48306237914125,0.8512725207008263
2026-05-28,310.67999267578125,312.79998779296875,309.57000732421875,312.510009765625,48220400,295.4148376464844,273.86228759765623,296.326659613879,281.8982510915106,295.4148376464844,318.55965508475145,272.2700202082173,80.03,10.487954901784803,9.684040883669962,0.8039140181148419
2026-05-29,311.7799987792969,315.0,309.5299987792969,312.05999755859375,70026800,297.462825012207,275.1092886352539,297.8250727514708,283.08106467845505,297.462825012207,318.72048924316226,276.2051607812518,79.0,10.452893189905183,9.837811344917007,0.6150818449881754
2026-06-01,309.6300048828125,310.94000244140625,305.0199890136719,306.30999755859375,48849900,298.78421783447266,276.26087158203126,298.63316082833967,283.9920032227742,298.78421783447266,318.68259019075,278.88584547819534,67.17,9.847612439117313,9.839771563757068,0.007840875360244581
2026-06-02,307.4599914550781,315.45001220703125,306.69000244140625,315.20001220703125,44534700,300.7154602050781,277.6096371459961,300.2109561977389,285.2158467123529,300.7154602050781,318.96739381642107,282.46352659373514,73.72,9.97034108280144,9.865885467565944,0.10445561523549607
2026-06-03,314.17999267578125,316.94000244140625,308.8500061035156,310.260009765625,50836700,302.0325393676758,278.7896670532227,301.16800891848993,286.19797075365767,302.0325393676758,318.93253169217513,285.13254704317643,65.86,9.558799613634903,9.804468296779737,-0.24566868314483337
2026-06-04,313.2300109863281,313.5400085449219,309.6499938964844,311.2300109863281,44869100,303.2317718505859,279.9860998535156,302.1262948297126,287.179619390233,303.2317718505859,319.08515234042966,287.37839136074217,66.61,9.204813664074663,9.684537370238722,-0.4797237061640587
2026-06-05,312.8599853515625,315.1700134277344,307.1499938964844,307.3399963378906,65310500,304.24000091552733,281.0851504516602,302.62283783049145,287.9702224077881,304.24000091552733,318.2516978635184,290.22830396753625,60.82,8.512261524639825,9.450082201118944,-0.9378206764791184
2026-06-08,308.739990234375,317.3999938964844,301.1700134277344,301.5400085449219,77949100,304.6645004272461,282.0628060913086,302.51971123186576,288.50237088375417,304.6645004272461,317.731345537264,291.59765531722815,53.36,7.40998077635993,9.042061916167142,-1.6320811398072124
2026-06-09,300.2799987792969,300.75,287.7799987792969,290.54998779296875,70108800,304.5580001831055,282.9023861694336,301.37973757101844,288.58266958607635,304.5580001831055,318.06348281390876,291.0525175523022,42.69,5.585229465997827,8.35069542613328,-2.7654659601354528
2026-06-10,290.739990234375,294.75,287.3800048828125,291.5799865722656,52793300,304.3970001220703,283.8059262084961,300.4464279520896,288.700211428672,304.3970001220703,318.45763873350074,290.3363615106399,43.82,4.174096809606738,7.5153757028279715,-3.341278893221234
2026-06-11,293.7200012207031,297.0,289.5899963378906,295.6300048828125,42572500,304.23500061035156,284.64739868164065,299.9877209931108,288.9719680347167,304.23500061035156,318.63434230313413,289.835658917569,48.17,3.3440188749895015,6.681104337260278,-3.3370854622707764
2026-06-12,296.0299987792969,297.1400146484375,289.6199951171875,291.1300048828125,38742100,303.8810012817383,285.36210479736326,299.1441289826062,289.05659693072045,303.8810012817383,319.22137671690024,288.54062584657635,44.09,2.2965900786371094,5.8042014855356445,-3.507611406898535
2026-06-15,294.1199951171875,297.7799987792969,291.70001220703125,296.4200134277344,45732600,303.6905014038086,286.17681640625,298.88468940595175,289.3453583619759,303.6905014038086,319.3137945291813,288.0672082784359,49.5,1.8717779987121617,5.017716788170948,-3.1459387894587865
2026-06-16,295.25,300.4800109863281,293.9700012207031,299.239990234375,39874400,303.7605010986328,286.98918212890624,298.9185275800873,289.7333831412857,303.7605010986328,319.2856607088551,288.2353414884105,52.16,1.7425726329336158,4.362687957123482,-2.6201153241898663
2026-06-17,300.8500061035156,302.07000732421875,294.3599853515625,295.95001220703125,42745100,303.60950164794923,287.84284912109376,298.6358118302725,289.97717251641296,303.60950164794923,319.3875282762562,287.83147501964226,48.92,1.3590365905220665,3.761957683803199,-2.4029210932811327
2026-06-18,298.1099853515625,300.57000732421875,295.6199951171875,298.010009765625,85962200,303.39750213623046,288.62981567382815,298.5762116336394,290.2921857418723,303.39750213623046,319.3652411852069,287.429763087254,50.98,1.2073880823036802,3.2510437635032954,-2.043655681199615
2026-06-22,297.30999755859375,302.4200134277344,296.760009765625,297.010009765625,44879900,302.99850311279295,289.36501159667966,298.4270495509714,290.55562982123513,302.99850311279295,319.1958473728526,286.8011588527333,49.93,0.9950436603969024,2.799843742882017,-1.8048000824851145
2026-06-23,297.5400085449219,301.6400146484375,294.17999267578125,294.29998779296875,52010900,302.27250213623046,290.04620666503905,298.0339960502092,290.7024673887541,302.27250213623046,318.6715651662741,285.8734391061868,47.1,0.6011533301965528,2.3601056603449244,-1.7589523301483716
2026-06-24,295.3599853515625,299.70001220703125,292.94000244140625,293.0799865722656,53081900,301.51000213623047,290.72857788085935,297.5621856237384,290.79570343516633,301.51000213623047,318.1396846913664,284.8803195810945,45.84,0.18837701023767295,1.925759930323474,-1.737382920085801
2026-06-25,287.3999938964844,288.79998779296875,273.75,275.1499938964844,107013700,299.7250015258789,291.0597430419922,295.4276911735237,290.18214619835527,299.7250015258789,319.49997209961856,279.95003095213923,32.22,-1.5674827930429274,1.2271113856501938,-2.794594178693121
2026-06-26,275.0,285.95001220703125,274.2099914550781,283.7799987792969,261775500,298.2885009765625,291.4116479492188,294.3183871359783,289.9310815936863,298.2885009765625,318.3253141541939,278.2516877989311,41.26,-2.2368599383740957,0.5343171208453359,-2.771177059219432
2026-06-29,286.7300109863281,288.3699951171875,279.8500061035156,281.739990234375,66427000,296.7725006103516,291.7832971191406,293.12044457392085,289.6098623246937,296.7725006103516,317.00917855941,276.5358226612932,39.91,-2.898545164785503,-0.15225533628083188,-2.746289828504671
2026-06-30,281.1700134277344,289.94000244140625,280.70001220703125,289.3599853515625,65100200,295.925,292.1708715820312,292.76230560036294,289.6000632277082,295.925,315.89788307575355,275.95211692424647,46.93,-2.7760648038816385,-0.6770172298009933,-2.099047574080645
2026-07-01,293.44000244140625,296.5899963378906,289.20001220703125,294.3800048828125,50164200,294.8839996337891,292.60249877929687,292.9163721986915,289.7875119200652,294.8839996337891,312.67837222905564,277.0896270385225,50.99,-2.2480109425167143,-0.9912159723441376,-1.2567949701725767
2026-07-02,294.1199951171875,309.4200134277344,293.67999267578125,308.6300048828125,75352800,294.80249938964846,293.4565985107422,294.4129086447982,290.52643321272194,294.80249938964846,312.3130176315031,277.2919811477938,60.28,-0.6719230346949985,-0.9273573848143098,0.25543435011931137
2026-07-06,307.3599853515625,314.20001220703125,307.0,312.6600036621094,53590000,294.8739990234375,294.2514270019531,296.1507272178755,291.3944163675999,294.8739990234375,312.6761973551416,277.07180069173336,62.44,0.8920423003764313,-0.5634774477761617,1.455519748152593
2026-07-07,315.2900085449219,315.4800109863281,310.1499938964844,310.6600036621094,42490000,295.0399993896484,295.0010607910156,297.5325630697073,292.14992959483556,295.0399993896484,313.3852697786867,276.69472900061015,60.67,1.947661382835463,-0.06124968165383676,2.0089110644892996
2026-07-08,311.9100036621094,314.82000732421875,307.04998779296875,313.3900146484375,41323500,295.6324996948242,295.8526513671875,299.0427965533959,292.9828741067415,295.6324996948242,315.5589925099019,275.70600687974655,62.25,2.970296453382673,0.5450595453534652,2.4252369080292078
2026-07-09,310.510009765625,316.5299987792969,308.1600036621094,316.2200012207031,48124500,296.91600036621094,296.8297784423828,300.6787208074252,293.89413399356357,296.91600036621094,318.68572880755056,275.1462719248713,63.86,3.9634106488539373,1.2287297660535597,2.7346808828003777
2026-07-10,314.7200012207031,316.9100036621094,312.1700134277344,315.32000732421875,34132300,298.1030014038086,297.7269622802734,302.0731290471198,294.73436432025596,298.1030014038086,321.19631377629116,275.00968903132605,62.94,4.624530113405569,1.9078898355239615,2.716640277881608
2026-07-13,317.0199890136719,323.45001220703125,315.7799987792969,317.30999755859375,43257800,299.18700103759767,298.67473571777344,303.52425938154585,295.61968327077903,299.18700103759767,323.7782789006638,274.59572317453154,64.17,5.248545665714914,2.576021001562152,2.6725246641527622
2026-07-14,313.760009765625,316.19000244140625,311.9100036621094,314.8599853515625,36336800,300.37350006103514,299.54993041992185,304.60385233107127,296.37420492100586,300.37350006103514,325.6094128570287,275.1375872650416,61.46,5.48219168402062,3.157255138053846,2.324936545966774
2026-07-15,317.6199951171875,328.7300109863281,317.32000732421875,327.5,60957600,301.92749938964846,300.5022875976563,306.78443782335023,297.59482433586834,301.92749938964846,329.8256687832261,274.0293299960708,68.78,6.6110928192179585,3.8480226742866686,2.76307014493129
2026-07-16,328.010009765625,334.67999267578125,326.7900085449219,333.260009765625,62970600,303.6285003662109,301.6359844970703,309.30592086547165,298.99345905860395,303.6285003662109,334.79392563623276,272.4630750961891,71.44,7.879707389986891,4.654359617426713,3.225347772560178
2026-07-17,331.9800109863281,334.989990234375,329.0,333.739990234375,63407100,305.51799926757815,302.6324157714844,311.63297509108145,300.3560681243205,305.51799926757815,339.2036552745519,271.8323432606044,71.66,8.82212798977747,5.487913291896865,3.334214697880606
2026-07-20,333.510009765625,333.7099914550781,323.67999267578125,326.5899963378906,53468000,306.9469985961914,303.4193084716797,313.0574533050633,301.38484962289186,306.9469985961914,341.6995210203326,272.1944761720502,63.88,8.889584752973235,6.168247584112139,2.721337168861096
2026-07-21,323.3450012207031,329.6000061035156,322.22039794921875,327.7699890136719,27264254,308.48499755859376,304.2311999511719,314.4586471820736,302.4195609715499,308.48499755859376,344.09782489645573,272.8721702207318,64.56,8.93526015408105,6.721650098105922,2.2136100559751277
